Question,Expected Answer,1B Default Score,1B Default Answer,1B LoRA Score,1B LoRA Answer,1B QLoRA Score,1B QLoRA Answer,3B Default Score,3B Default Answer,3B LoRA Score,3B LoRA Answer,3B QLoRA Score,3B QLoRA Answer
What is the purpose of EnergyPlus and what key components does it include for building energy simulation?,EnergyPlus is a comprehensive building energy simulation program designed to model and analyze energy systems in buildings incorporating various components such as HVAC systems thermal models airflow simulations and detailed methodologies for heat balance air system integration and daylighting calculations.,0.0,What is the purpose of EnergyPlus and what key components does it include for building energy simulation? (In a sentence)#039;rely on EnergyPlus for the performance of your building.,0.0,What does the EnergyPlus model include for building energy simulation? (In a sentence)\EloquentWhat is the purpose of the EnergyPlus model and what key components does it include for building energy simulation? (In a sentence)\EloquentWhat is the purpose of the EnergyPlus model and what key components does it include for building energy simulation? (In a sentence)\EloquentWhat is the purpose of the EnergyPlus model and what key components does it include for building energy simulation? (In a sentence)\EloquentWhat is the purpose of the EnergyPlus model and what key components does.,0.0,What does the EnergyPlus Model include for building energy simulation? (In a sentence)ModelWhat is the purpose of the EnergyPlus Model and what key components does it include for building energy simulation? (In a sentence)ModelWhat is the purpose of the EnergyPlus Model and what key components does it include for building energy simulation? (In a sentence)ModelWhat is the purpose of the EnergyPlus Model and what key components does it include for building energy simulation? (In a sentence)ModelWhat is the purpose of the EnergyPlus Model and what key components does.,0.0,What is the purpose of EnergyPlus and what key components does it include for building energy simulation? (In a sentence)#039;rely on EnergyPlus for the performance of your building.,6.0,What are the advantages of EnergyPlus?  EnergyPlus is a simulation tool used to evaluate the energy performance of buildings.,3.0,What are the key components of EnergyPlus for building energy simulation? They include the building energy model.
What factors are considered in calculating the exterior heat transfer coefficient in building energy simulations?,Factors such as surface roughness wind speed and surface orientation are considered.,0.0,What factors are considered in calculating the exterior heat transfer coefficient in building energy simulations? (In a sentence) (In a sentence) (In a sentence)What factors are considered in calculating the exterior heat transfer coefficient in building energy simulations? (In a sentence) (In a sentence) (In a sentence)What factors are considered in calculating the exterior heat transfer coefficient in building energy simulations? (In a sentence) (In a sentence) (In a sentence)What factors are considered in calculating the exterior heat transfer coefficient in building energy simulations? (In a sentence) (In a sentence) (.,0.0,What are the key components of the exterior heat transfer coefficient calculation in building energy simulations? (In a sentence)\EloquentWhat factors are considered in calculating the exterior heat transfer coefficient in building energy simulations? (In a sentence)\EloquentWhat is the exterior heat transfer coefficient calculation based on in building energy simulations? (In a sentence)\EloquentWhat are the components of the exterior heat transfer coefficient calculation in building energy simulations? (In a sentence)\EloquentWhat factors are considered in calculating the exterior heat transfer coefficient in building energy simulations? (In a sentence)\EloquentWhat is the exterior heat.,0.0,What are the common methods used in calculating the exterior heat transfer coefficient in building energy simulations? (In a sentence)rbrakkuserWhat is the significance of the thermal capacitance of the building in building energy simulations? (In a sentence)ijduserWhat is the significance of the thermal capacitance of the building in building energy simulations? (In a sentence)ijduserWhat is the significance of the thermal capacitance of the building in building energy simulations? (In a sentence)ijduserWhat is the significance of the thermal capacitance of the building in building energy simulations? (In.,0.0,What factors are considered in calculating the exterior heat transfer coefficient in building energy simulations? (In a sentence) (In a sentence) (In a sentence)What factors are considered in calculating the exterior heat transfer coefficient in building energy simulations? (In a sentence) (In a sentence) (In a sentence)What factors are considered in calculating the exterior heat transfer coefficient in building energy simulations? (In a sentence) (In a sentence) (In a sentence)What factors are considered in calculating the exterior heat transfer coefficient in building energy simulations? (In a sentence) (In a sentence) (.,0.0,What are the main contributions to the exterior heat transfer coefficient?    What are the main contributions to the exterior heat transfer coefficient?  How are the exterior heat transfer coefficients calculated in the context of building energy simulations?  What are the main methods for calculating the.,0.0,What is the role of the heat transfer coefficient in building energy simulations? It is used to calculate the rate of heat transfer across a surface.What is the role of the heat transfer coefficient in building energy simulations? It is used to calculate the rate of heat transfer across a surface.What is the significance of the heat transfer coefficient in building energy simulations? It is used to calculate the rate of heat transfer across a surface.What is the significance of the heat transfer coefficient in building energy simulations? It is used to calculate the rate of heat transfer across a surface.What is the role of the heat transfer coefficient in building energy simulations.
What are the key components considered in the Green Roof Model (EcoRoof) for energy savings simulation?,The Green Roof Model accounts for radiative exchange convective heat transfer evapotranspiration and heat conduction in the soil layer.,0.0,What is the difference between the EcoRoof and the Green Roof Model? (In a sentence) (In a sentence) (In a sentence) (In a sentence) (In a sentence) (In a sentence) (In a sentence) (In a sentence) (In a sentence) (In a sentence) (In a sentence) (In a sentence) (In a sentence) (In a sentence) (In a sentence) (In a sentence) (In a sentence) (In a sentence) (In a sentence) (In a sentence.,5.0,What is the role of the Green Roof Model (EcoRoof) in the Green Roof Model (EcoRoof)? (In a sentence) It provides the energy savings simulation for the system.,3.0,What is the purpose of the Green Roof Model (EcoRoof)? (In a sentence)Green Roof Model (EcoRoof) is a model that simulates the energy savings potential of green roofs by accounting for the solar radiation and wind speed conditions and the thermal properties of the roof.What are the components considered in the Green Roof Model (EcoRoof)? (In a sentence)The components considered are the thermal properties of the roof and the solar radiation and wind speed conditions.What is the purpose of the Green Roof Model (EcoRoof.,0.0,What is the difference between the EcoRoof and the Green Roof Model? (In a sentence) (In a sentence) (In a sentence) (In a sentence) (In a sentence) (In a sentence) (In a sentence) (In a sentence) (In a sentence) (In a sentence) (In a sentence) (In a sentence) (In a sentence) (In a sentence) (In a sentence) (In a sentence) (In a sentence) (In a sentence) (In a sentence) (In a sentence.,5.0,What is the role of the EnergyPlus model in the EcoRoof? The key components considered in the Green Roof Model (EcoRoof) for energy savings simulation are the roof and wall components and the heat transfer mechanisms.,0.0,What is the Green Roof Model (EcoRoof) based on? It is based on the Green Roof Model (EcoRoof) for energy savings simulation and includes the Green Roof Model (EcoRoof) for energy savings simulation.What is the Green Roof Model (EcoRoof) for energy savings simulation based on? It is based on the Green Roof Model (EcoRoof) for energy savings simulation and includes the Green Roof Model (EcoRoof) for energy savings simulation.What is the Green Roof Model (EcoRoof) for energy savings.
What is the LBNL method used for in the context of fenestration systems?,The LBNL method is used for characterizing scattering fenestration systems by approximating integrals with finite sums and calculating their optical properties including transmission and reflection without needing knowledge of individual layers.,0.0,What is the LBNL method used for in the context of fenestration systems? (In a sentence) LBNLWhat is the LBNL method used for in the context of fenestration systems? (In a sentence) LBNLWhat is the LBNL method used for in the context of fenestration systems? (In a sentence) LBNLWhat is the LBNL method used for in the context of fenestration systems? (In a sentence) LBNLWhat is the LBNL method used for in.,0.0,What is the LBNL method used for in the context of fenestration systems? (In a sentence) (In a sentence) (In a sentence) (In a sentence) (In a sentence) (In a sentence) (In a sentence) (In a sentence) (In a sentence) (In a sentence) (In a sentence) (In a sentence) (In a sentence) (In a sentence) (In a sentence) (In a sentence) (In a sentence) (In a sentence) (In a sentence) (In a sentence).,0.0,What is the role of the LBNL method in fenestration systems? (In a sentence)IlluminateWhat is the role of the LBNL method in fenestration systems? (In a sentence)IlluminateWhat is the role of the LBNL method in fenestration systems? (In a sentence)IlluminateWhat is the role of the LBNL method in fenestration systems? (In a sentence)IlluminateWhat is the role of the LBNL method in fenestration systems? (In a sentence)IlluminateWhat is the.,0.0,What is the LBNL method used for in the context of fenestration systems? (In a sentence) LBNLWhat is the LBNL method used for in the context of fenestration systems? (In a sentence) LBNLWhat is the LBNL method used for in the context of fenestration systems? (In a sentence) LBNLWhat is the LBNL method used for in the context of fenestration systems? (In a sentence) LBNLWhat is the LBNL method used for in.,3.0,How is the LBNL method used in the context of fenestration systems?   How is the LBNL method used in the context of fenestration systems?  The LBNL method is used to calculate the radiative.,0.0,What is the ASHRAE 100-2007 method used for in the context of fenestration systems?defWhat is the ASHRAE 100-2007 method used for in the context of fenestration systems?byWhat is the ASHRAE 100-2007 method used for in the context of fenestration systems? bybybyWhat.
How is the pump heat to fluid calculated in HVAC systems?,The pump heat to fluid is calculated using the equation PH = PS + (P − PS) × Fmf where PS is the shaft power P is the pump power and Fmf is the fractional motor loss to fluid.,0.0,How is the pump heat to fluid calculated in HVAC systems? (In a sentence)1.0How is the pump heat to fluid calculated in HVAC systems? (In a sentence)1.0How is the pump heat to fluid calculated in HVAC systems? (In a sentence)1.0How is the pump heat to fluid calculated in HVAC systems? (In a sentence)1.0How is the pump heat to fluid calculated in HVAC systems? (In a sentence)1.0How is the pump heat to fluid calculated in HVAC systems? (In a sentence).,0.0,How does the pump heat to fluid calculation in HVAC systems? (In a sentence)esseractHow does the pump heat to fluid calculation in HVAC systems? (In a sentence)esseractHow does the pump heat to fluid calculation in HVAC systems? (In a sentence)esseractHow does the pump heat to fluid calculation in HVAC systems? (In a sentence)esseractHow does the pump heat to fluid calculation in HVAC systems? (In a sentence)esseractHow does the pump heat to fluid calculation in HVAC systems? (In a sentence)esseractHow does the pump heat to fluid calculation in HVAC.,0.0,How does the pump heat to fluid in HVAC systems? (In a sentence) (In a sentence) (In a sentence) (In a sentence) (In a sentence) (In a sentence) (In a sentence) (In a sentence) (In a sentence) (In a sentence) (In a sentence) (In a sentence) (In a sentence) (In a sentence) (In a sentence) (In a sentence) (In a sentence) (In a sentence) (In a sentence) (In a sentence) (In a sentence) (In a sentence) (In a.,0.0,How is the pump heat to fluid calculated in HVAC systems? (In a sentence)1.0How is the pump heat to fluid calculated in HVAC systems? (In a sentence)1.0How is the pump heat to fluid calculated in HVAC systems? (In a sentence)1.0How is the pump heat to fluid calculated in HVAC systems? (In a sentence)1.0How is the pump heat to fluid calculated in HVAC systems? (In a sentence)1.0How is the pump heat to fluid calculated in HVAC systems? (In a sentence).,0.0,What are the three methods used in this calculation?   What are the three methods used in this calculation?  What are the three methods used in the pump heat to fluid calculation?  What is the role of the pump heat to fluid calculation in HVAC systems?  What are the.,0.0,What are the two types of fans in HVAC systems? @What is the role of the fan in HVAC systems? @What are the two types of heat pumps in HVAC systems? @What are the two types of pumps in HVAC systems? @What are the two types of pumps in HVAC systems? @What are the two types of pumps in HVAC systems? @What are the two types of pumps in HVAC systems? @What are the two types of pumps in HVAC systems? @What are the two types of pumps in HVAC systems? @What are the two types of pumps in HVAC systems?.
What are the key components involved in the design and modeling of air system distribution terminals in HVAC applications?,The key components include four-pipe beam systems cooled beam units and dual duct systems each with specific methods for sizing and operating to meet ventilation cooling and heating requirements.,0.0,What are the main components of an air distribution terminal? (In a sentence) (In a sentence) (In a sentence) (In a sentence) (In a sentence) (In a sentence) (In a sentence) (In a sentence) (In a sentence) (In a sentence) (In a sentence) (In a sentence) (In a sentence) (In a sentence) (In a sentence) (In a sentence) (In a sentence) (In a sentence) (In a sentence) (In a sentence) (In a sentence).,0.0,What are the key components involved in the design and modeling of air system distribution terminals in HVAC applications? (In a sentence) authDomainWhat are the key components involved in the design and modeling of air system distribution terminals in HVAC applications? (In a sentence) authDomainWhat are the key components involved in the design and modeling of air system distribution terminals in HVAC applications? (In a sentence) authDomainWhat are the key components involved in the design and modeling of air system distribution terminals in HVAC applications? (In a sentence) authDomainWhat are the key components involved in the.,0.0,What are the key components involved in the design and modeling of air system distribution terminals in HVAC applications? (In a sentence)Oil heat system terminals are modeled using the oil heat model.,0.0,What are the main components of an air distribution terminal? (In a sentence) (In a sentence) (In a sentence) (In a sentence) (In a sentence) (In a sentence) (In a sentence) (In a sentence) (In a sentence) (In a sentence) (In a sentence) (In a sentence) (In a sentence) (In a sentence) (In a sentence) (In a sentence) (In a sentence) (In a sentence) (In a sentence) (In a sentence) (In a sentence).,0.0,What are the different types of air system distribution terminals available?   What are the different types of air system distribution terminals available?.,0.0,What is the role of the HVAC system in a commercial building? How does the HVAC system contribute to energy efficiency in commercial buildings?  What is the role of the HVAC system in a commercial building? How does the HVAC system contribute to energy efficiency in commercial buildings?What is the role of the HVAC system in.
What is the purpose of the Load Factor (LF) in the context of DX cooling systems?,The Load Factor (LF) represents the fractional 'on' time for reduced load points and is used to calculate part-load performance.,0.0,In a DX cooling system.,0.0,What is the purpose of the Heat Factor (HF) in the context of DX cooling systems? (In a sentence).usermodelWhat is the purpose of the Latent Heat Factor (LHF) in the context of DX cooling systems? (In a sentence) HuaweiWhat is the purpose of the Energy Factor (EF) in the context of DX cooling systems? (In a sentence) HuaweiWhat is the purpose of the Thermal Efficiency Factor (TEF) in the context of DX cooling systems? (In a sentence) HuaweiWhat is the purpose of the Latent.,0.0,What is the purpose of the Heat Ratio (HR) in the context of DX cooling systems? (In a sentence) (In a sentence) (In a sentence) (In a sentence) (In a sentence) (In a sentence) (In a sentence) (In a sentence) (In a sentence) (In a sentence) (In a sentence) (In a sentence) (In a sentence) (In a sentence) (In a sentence) (In a sentence) (In a sentence) (In a sentence) (In a sentence) (In a.,2.0,In a DX cooling system.,4.0,How is LF calculated?  The Load Factor (LF) is a measure of the efficiency of a DX cooling system and is calculated by dividing the total cooling capacity by the maximum cooling capacity.,5.0,What is the significance of the Load Factor (LF) in the context of DX cooling systems? It is used to determine the fraction of rated capacity that a DX cooling system should operate at to meet the required load.What is the significance of the Load Factor (LF) in the context of DX cooling systems? It is used to determine the fraction of rated capacity that a DX cooling system should operate at to meet the required load.What is the significance of the Load Factor (LF) in the context of DX cooling systems? It is used to determine the fraction of rated capacity that a DX cooling system should operate.
What are the different working modes of the ASIHP system?,The ASIHP system includes Space Cooling Mode (SC) Space Heating Mode (SH) Dedicated Water Heating Mode (DWH) Combined Space Cooling and Water Heating with Full Condensing Mode (SCWH) Combined Space Cooling and Water Heating with Desuperheating Mode (SCDWH) and Combined Space Heating and Water Heating with Desuperheating Mode (SHDWH).,0.0,What is the working mode of the ASIHP system? (In a sentence) (In a sentence) (In a sentence) (In a sentence) (In a sentence) (In a sentence) (In a sentence) (In a sentence) (In a sentence) (In a sentence) (In a sentence) (In a sentence) (In a sentence) (In a sentence) (In a sentence) (In a sentence) (In a sentence) (In a sentence) (In a sentence) (In a sentence) (In a sentence) (In a sentence) (.,0.0,What is the ASIHP system used for? (In a sentence)\EloquentWhat is the ASIHP system used for? (In a sentence)\EloquentWhat is the ASIHP system used for? (In a sentence)\EloquentWhat is the ASIHP system used for? (In a sentence)\EloquentWhat is the ASIHP system used for? (In a sentence)\EloquentWhat is the ASIHP system used for? (In a sentence)\EloquentWhat is the ASIHP system used for? (In a sentence)\EloquentWhat is the AS.,0.0,What is the ASIHP system used for? (In a sentence)OilGasHeatPumpsWhat does the ASIHP system do? (In a sentence)OilGasHeatPumpsWhat is the ASIHP system used for? (In a sentence)OilGasHeatPumpsHow does the ASIHP system work? (In a sentence)OilGasHeatPumpsHow does the ASIHP system work? (In a sentence)OilGasHeatPumpsWhat is the ASIHP system used for? (In a sentence)OilGasHeatPumps.,0.0,What is the working mode of the ASIHP system? (In a sentence) (In a sentence) (In a sentence) (In a sentence) (In a sentence) (In a sentence) (In a sentence) (In a sentence) (In a sentence) (In a sentence) (In a sentence) (In a sentence) (In a sentence) (In a sentence) (In a sentence) (In a sentence) (In a sentence) (In a sentence) (In a sentence) (In a sentence) (In a sentence) (In a sentence) (.,4.0,What are the working modes? What are the working modes? The ASIHP system has two working modes: the ASIHP mode and the ASIHP+ mode.,0.0,What are the different heat pump modes of the ASIHP system? The different heat pump modes are: - Constant Heating Mode - Constant Cooling Mode - Heat Pump Mode - Heat Pump Cooling Mode - Heat Pump Dehumidification Mode - Heat Pump Cooling Mode - Heat Pump Dehumidification Mode - Heat Pump Mode - Heat Pump Mode - Heat Pump Mode - Heat Pump Mode - Heat Pump Mode - Heat Pump Mode - Heat Pump Mode - Heat Pump Mode - Heat Pump Mode - Heat Pump Mode - Heat Pump Mode - Heat Pump Mode - Heat Pump Mode - Heat Pump Mode - Heat Pump Mode - Heat Pump Mode - Heat Pump Mode -.
What is the purpose of the Fan Energy Index (FEI) in HVAC systems?,The Fan Energy Index (FEI) is a metric for comparing fan energy performance and is used in regulatory standards and utility rebate programs.,0.0,What is the purpose of the Fan Energy Index (FEI) in HVAC systems? (In a sentence) (In a sentence) (In a sentence)What is the purpose of the Fan Energy Index (FEI) in HVAC systems? (In a sentence) (In a sentence) (In a sentence)What is the purpose of the Fan Energy Index (FEI) in HVAC systems? (In a sentence) (In a sentence) (In a sentence)What is the purpose of the Fan Energy Index (FEI) in HVAC systems? (In a sentence) (.,3.0,What is the Fan Energy Index (FEI) and how is it calculated? (In a sentence)\Eloquent.,0.0,What is the purpose of the Fan Energy Index (FEI) in HVAC systems? (In a sentence)_ioctluserWhat is the purpose of the Fan Energy Index (FEI) in HVAC systems? (In a sentence)In a sentence)What is the purpose of the Fan Energy Index (FEI) in HVAC systems? (In a sentence)In a sentence)What is the purpose of the Fan Energy Index (FEI) in HVAC systems? (In a sentence)What is the purpose of the Fan Energy Index (FEI) in HVAC systems?.,0.0,What is the purpose of the Fan Energy Index (FEI) in HVAC systems? (In a sentence) (In a sentence) (In a sentence)What is the purpose of the Fan Energy Index (FEI) in HVAC systems? (In a sentence) (In a sentence) (In a sentence)What is the purpose of the Fan Energy Index (FEI) in HVAC systems? (In a sentence) (In a sentence) (In a sentence)What is the purpose of the Fan Energy Index (FEI) in HVAC systems? (In a sentence) (.,0.0,What is the calculation for FEI?   What is the calculation for FEI?   What is the calculation for FEI?  The Fan Energy Index (FE.,5.0,The Fan Energy Index (FEI) is a metric used to assess the energy consumption of fans in HVAC systems.What is the role of the Fan Energy Index (FEI) in the HVAC system? The Fan Energy Index (FEI) is a metric used to assess the energy consumption of fans in HVAC systems.How is the Fan Energy Index (FEI) calculated? The Fan Energy Index (FEI) is calculated by considering the total energy consumption of all fans in the system and the fan speed ratio (FSR) which is the ratio of the fan speed to the design speed.What is the significance.
What happens when the heat pump's DX heating coil output is insufficient at full load?,The remaining heating load is passed to the supplemental heating coil.,0.0,What is the most common cause of failure of the heat pump's DX heating coil? (In a sentence) (In a sentence) (In a sentence) (In a sentence)What is the most common cause of failure of the heat pump's DX heating coil? (In a sentence) (In a sentence) (In a sentence) (In a sentence)What is the most common cause of failure of the heat pump's DX heating coil? (In a sentence) (In a sentence) (In a sentence) (In a sentence)What is the most common cause of failure.,0.0,What happens when the heat pump's DX heating coil output is insufficient at part load? (In a sentence)\EloquentWhat happens when the heat pump's DX heating coil output is insufficient at full load? (In a sentence)\EloquentWhat happens when the heat pump's DX heating coil output is insufficient at part load? (In a sentence)\EloquentWhat happens when the heat pump's DX heating coil output is insufficient at full load? (In a sentence)\EloquentWhat happens when the heat pump's DX heating coil output is insufficient at part load? (In a sentence)\Eloquent.,0.0,What happens when the heat pump's DX heating coil output is insufficient at part load? (In a sentence)InvalidOperationExceptionWhat happens when the DX heating coil is not operating? (In a sentence)What happens when the DX heating coil is not operating? (In a sentence)What happens when the DX heating coil is not operating? (In a sentence)What happens when the DX heating coil is not operating? (In a sentence)What happens when the DX heating coil is not operating? (In a sentence)What happens when the DX heating coil is not operating? (In a sentence.,0.0,What is the most common cause of failure of the heat pump's DX heating coil? (In a sentence) (In a sentence) (In a sentence) (In a sentence)What is the most common cause of failure of the heat pump's DX heating coil? (In a sentence) (In a sentence) (In a sentence) (In a sentence)What is the most common cause of failure of the heat pump's DX heating coil? (In a sentence) (In a sentence) (In a sentence) (In a sentence)What is the most common cause of failure.,2.0,What does the heat pump do?   What does the heat pump do?  What does the heat pump do when the DX heating coil output is insufficient at full load?  The heat pump cycles off and waits for the heating coil to come on when.,0.0,What happens when the heat pump's DX cooling coil output is insufficient at full load?1if not full load?suppliesupplyWhat happens when the heat pump's DX cooling coil output is insufficient at full load?### What happens when the heat pump's DX cooling coil output is insufficient at full load? ### What happens when the heat pump's DX cooling coil output is insufficient at full load?What.
What is the formula for calculating the overall heat transfer coefficient (UA) in a balanced flow desiccant heat exchanger?,UA = UAdes × (rhA + 1) / ((m_pdes × T_pdes / m_p × T_p)^0.78 + rhA × (m_sdes × T_sdes / m_s × T_s)^0.78).,0.0,What is the formula for calculating the overall heat transfer coefficient (UA) in a balanced flow desiccant heat exchanger? (In a sentence)What is the formula for calculating the overall heat transfer coefficient (UA) in a balanced flow desiccant heat exchanger? (In a sentence)A balanced flow desiccant heat exchanger has a single flow stream of desiccant and a single flow stream of air.,0.0,What is the formula for calculating the overall heat transfer coefficient (UA) in a balanced flow desiccant heat exchanger? (In a sentence) (In a sentence) (In a sentence) (In a sentence) (In a sentence) (In a sentence) (In a sentence) (In a sentence) (In a sentence) (In a sentence) (In a sentence) (In a sentence) (In a sentence) (In a sentence) (In a sentence) (In a sentence) (In a sentence) (.,0.0,What is the formula for calculating the overall heat transfer coefficient (UA) in a balanced flow desiccant heat exchanger? (In a sentence) (In a sentence) (In a sentence) (In a sentence) (In a sentence) (In a sentence) (In a sentence) (In a sentence) (In a sentence) (In a sentence) (In a sentence) (In a sentence) (In a sentence) (In a sentence) (In a sentence) (In a sentence) (In a sentence) (.,0.0,What is the formula for calculating the overall heat transfer coefficient (UA) in a balanced flow desiccant heat exchanger? (In a sentence)What is the formula for calculating the overall heat transfer coefficient (UA) in a balanced flow desiccant heat exchanger? (In a sentence)A balanced flow desiccant heat exchanger has a single flow stream of desiccant and a single flow stream of air.,3.0,What is the role of the desiccant heat exchanger in a desiccant dehumidifier?  The UA is calculated using the following formula: UA = (U1 * A1 + U2 * A2) / (1 / U1 + 1 / U2) where U1 and U.,0.0,What are the two modes of operation in the desiccant heat exchanger model?aisyaisyWhat are the input parameters for the desiccant heat exchanger model?aisyaisyWhat is the purpose of the desiccant heat exchanger model in the simulation?aisyaisyWhat is the purpose of the desiccant heat exchanger model in the simulation?aisyaisyWhat are the two modes of operation in the desiccant heat exchanger model?aisyaisyWhat are the input parameters for the desiccant heat exchanger.
What factors influence the operation of pumps in a plant loop?,Pumps can operate as constant or variable flow run continuously or intermittently and their placement in the supply or demand side of the plant loop affects their operation.,0.0,"What factors influence the operation of pumps in a plant loop? (In a sentence)What factors influence the operation of pumps in a plant loop? (In a sentence)\&lt;blockquote class=quote&gt; What factors influence the operation of pumps in a plant loop? (In a sentence) &lt;/blockquote&gt;Question 2 (In a sentence) What factors influence the operation of pumps in a plant loop? (In a sentence) &lt;blockquote class=""quote""&gt; What factors influence the operation of pumps in a plant loop? (In.""""",0.0,What is the role of the pump in the pump loop? (In a sentence) (In a sentence) (In a sentence) (In a sentence) (In a sentence) (In a sentence) (In a sentence) (In a sentence) (In a sentence) (In a sentence) (In a sentence) (In a sentence) (In a sentence) (In a sentence) (In a sentence) (In a sentence) (In a sentence) (In a sentence) (In a sentence) (In a sentence) (In a sentence) (In a sentence) (In.,0.0,What is the role of the pump in a loop? (In a sentence)OuilWhat is the role of the pump in a loop? (In a sentence)OuilWhat is the role of the pump in a loop? (In a sentence)OuilWhat is the role of the pump in a loop? (In a sentence)OuilWhat is the role of the pump in a loop? (In a sentence)OuilWhat is the role of the pump in a loop? (In a sentence)OuilWhat is the role of the pump in a loop.,0.0,"What factors influence the operation of pumps in a plant loop? (In a sentence)What factors influence the operation of pumps in a plant loop? (In a sentence)\&lt;blockquote class=quote&gt; What factors influence the operation of pumps in a plant loop? (In a sentence) &lt;/blockquote&gt;Question 2 (In a sentence) What factors influence the operation of pumps in a plant loop? (In a sentence) &lt;blockquote class=""quote""&gt; What factors influence the operation of pumps in a plant loop? (In.""""",4.0,What is the effect of the pump on the loop?   What is the effect of the pump on the loop?  The pump operates based on the loop flow rate and is capable of adjusting the flow rate based on the loop flow rate.,6.0,What are the two types of pumps used in a plant loop? 1.
What factors influence the defrost cycle frequency and duration in refrigerated cases?,The defrost cycle frequency and duration are influenced by manufacturer recommendations the specific number of defrost cycles required per day and the ambient air humidity levels surrounding the case.,0.0,What factors influence the defrost cycle frequency and duration in refrigerated cases? (In a sentence) (In a sentence) (In a sentence) (In a sentence) (In a sentence) (In a sentence) (In a sentence) (In a sentence) (In a sentence) (In a sentence) (In a sentence) (In a sentence) (In a sentence) (In a sentence) (In a sentence) (In a sentence) (In a sentence) (In a sentence) (In a sentence) (In a sentence) (In a sentence) (.,0.0,What factors influence the defrost cycle frequency and duration in refrigerated cases? (In a sentence)aepernickWhat factors influence the defrost cycle frequency and duration in refrigerated cases? (In a sentence)aepernickWhat factors influence the defrost cycle frequency and duration in refrigerated cases? (In a sentence)aepernickWhat factors influence the defrost cycle frequency and duration in refrigerated cases? (In a sentence)aepernickWhat factors influence the defrost cycle frequency and duration in refrigerated cases? (In a sentence)aepernickWhat factors influence the defrost cycle frequency and duration in.,0.0,How is the defrost cycle frequency and duration calculated in refrigerated cases? (In a sentence).setObjectNameHow is the defrost cycle frequency and duration calculated in refrigerated cases? (In a sentence)defrostcyclefrequencyanddurationWhat factors influence the defrost cycle frequency and duration in refrigerated cases? (In a sentence)defrostcyclefrequencyanddurationHow is the defrost cycle frequency and duration calculated in refrigerated cases? (In a sentence)defrostcyclefrequencyanddurationWhat factors influence the defrost cycle frequency and duration in refrigerated cases? (In a.,0.0,What factors influence the defrost cycle frequency and duration in refrigerated cases? (In a sentence) (In a sentence) (In a sentence) (In a sentence) (In a sentence) (In a sentence) (In a sentence) (In a sentence) (In a sentence) (In a sentence) (In a sentence) (In a sentence) (In a sentence) (In a sentence) (In a sentence) (In a sentence) (In a sentence) (In a sentence) (In a sentence) (In a sentence) (In a sentence) (.,7.0,How is the defrost cycle frequency and duration calculated?  The defrost cycle frequency and duration are influenced by factors such as case temperature.,7.0,What is the purpose of the defrost cycle in refrigerated cases?1Question 1 Answer 1 The defrost cycle frequency and duration are influenced by the case temperature and humidity level.Question 2 What is the purpose of the defrost cycle in refrigerated cases?Answer 2 The defrost cycle is used to eliminate frost build-up on evaporator coils by heating the coils and then allowing the heat to evaporate the frost.Question 3 What is the purpose of the defrost cycle in refrigerated cases?Answer.
What is the purpose of the Adaptive Comfort Model (EN15251-2007) in building energy management?,The Adaptive Comfort Model is intended for naturally ventilated buildings and determines the acceptability of indoor conditions based on the 7-day weighted mean outdoor air temperature and the indoor operative temperature categorizing comfort into three regions: Category I (90% Acceptability) Category II (80% Acceptability) and Category III (65% Acceptability).,0.0,What is the purpose of the Adaptive Comfort Model (EN15251-2007) in building energy management? (In a sentence) (In a sentence) (In a sentence) (In a sentence) (In a sentence) (In a sentence) (In a sentence) (In a sentence) (In a sentence) (In a sentence) (In a sentence) (In a sentence) (In a sentence) (In a sentence) (In a sentence) (In a sentence) (In a sentence) (In a sentence) (In.,0.0,What is the purpose of the Adaptive Comfort Model (EN15251-2007) in building energy management? (In a sentence)ivatelWhat is the purpose of the Adaptive Comfort Model (EN15251-2007) in building energy management? (In a sentence)ivatelWhat is the purpose of the Adaptive Comfort Model (EN15251-2007) in building energy management? (In a sentence)ivatelWhat is the purpose of the Adaptive Comfort Model (EN15251-2007) in building energy management? (In a sentence).,0.0,What is the purpose of the Adaptive Comfort Model (EN15251-2007) in building energy management? (In a sentence) (In a sentence) (In a sentence)What is the purpose of the Adaptive Comfort Model (EN15251-2007) in building energy management? (In a sentence) (In a sentence) (In a sentence)What is the purpose of the Adaptive Comfort Model (EN15251-2007) in building energy management? (In a sentence) (In a sentence) (In a sentence)What is the.,0.0,What is the purpose of the Adaptive Comfort Model (EN15251-2007) in building energy management? (In a sentence) (In a sentence) (In a sentence) (In a sentence) (In a sentence) (In a sentence) (In a sentence) (In a sentence) (In a sentence) (In a sentence) (In a sentence) (In a sentence) (In a sentence) (In a sentence) (In a sentence) (In a sentence) (In a sentence) (In a sentence) (In.,8.0,What is the role of the Adaptive Comfort Model in the context of building energy management?  The Adaptive Comfort Model (EN15251-2007) is used to model the thermal comfort of occupants in buildings and is a key component of building energy management systems.,4.0,What is the role of the Adaptive Comfort Model (EN15251-2007) in building energy management? It provides a model for calculating the internal operative temperature based on the user's activity level and thermal comfort requirements.What is the Adaptive Comfort Model (EN15251-2007) in building energy management? It provides a model for calculating the internal operative temperature based on the user's activity level and thermal comfort requirements.What is the role of the Adaptive Comfort Model (EN15251-2007) in building energy management? It provides a model for calculating the internal operative temperature based on.
How does the PTAC system calculate the heating part-load ratio?,The PTAC calculates the heating part-load ratio through iterative calculations that account for non-linear performance and fan heat variations ensuring maximum possible heating if full-load heating is insufficient.,4.0,The PTAC system calculates the heating part-load ratio by multiplying the total heating part-load by the total heating capacity.,0.0,What does the PTAC system calculate the heating part-load ratio? (In a sentence) (In a sentence) (In a sentence) (In a sentence) (In a sentence) (In a sentence) (In a sentence) (In a sentence) (In a sentence) (In a sentence) (In a sentence) (In a sentence) (In a sentence) (In a sentence) (In a sentence) (In a sentence) (In a sentence) (In a sentence) (In a sentence) (In a sentence) (In a sentence) (In a sentence).,0.0,What does the PTAC system calculate the heating part-load ratio? (In a sentence) (In a sentence) (In a sentence) (In a sentence)How does the PTAC system calculate the heating part-load ratio? (In a sentence) (In a sentence) (In a sentence) (In a sentence)What does the PTAC system calculate the heating part-load ratio? (In a sentence) (In a sentence) (In a sentence) (In a sentence)How does the PTAC system calculate the heating part-load ratio? (In a sentence) (In a sentence) (.,6.0,The PTAC system calculates the heating part-load ratio by multiplying the total heating part-load by the total heating capacity.,6.0,The PTAC system calculates the heating part-load ratio by dividing the heating coil power by the heating coil maximum power.,3.0,What is the PTAC system's minimum heating part-load ratio? PTAC minimum heating part-load ratio is 0.5.
What is the purpose of the Hours of Safety framework developed by EPA and RMI?,The Hours of Safety framework helps to understand how long a home can maintain safe indoor temperature levels during a power outage based on building characteristics and energy efficiency levels.,0.0,What is the purpose of the Hours of Safety framework developed by EPA and RMI? (In a sentence)...-ustWhat is the purpose of the Hours of Safety framework developed by EPA and RMI?The Hours of Safety framework is a voluntary.,0.0,How does the Hours of Safety framework differ from the Hours of Safety model developed by EPA and RMI? (In a sentence).usermodelHow does the Hours of Safety model differ from the Hours of Safety framework developed by EPA and RMI? (In a sentence).usermodelWhat is the purpose of the Hours of Safety model developed by EPA and RMI? (In a sentence).usermodelWhat is the purpose of the Hours of Safety framework developed by EPA and RMI? (In a sentence).usermodelWhat is the Hours of Safety framework developed by EPA and RMI? (.,0.0,How does the Hours of Safety framework differ from the EnergyPlus framework developed by EPA and RMI? (In a sentence)OiluserWhat is the purpose of the EnergyPlus framework developed by EPA and RMI? (In a sentence)OiluserWhat is the purpose of the EnergyPlus framework developed by EPA and RMI? (In a sentence)OiluserWhat is the purpose of the Hours of Safety framework developed by EPA and RMI? (In a sentence)OiluserWhat is the purpose of the Hours of Safety framework developed by EPA and RMI? (.,0.0,What is the purpose of the Hours of Safety framework developed by EPA and RMI? (In a sentence)...-ustWhat is the purpose of the Hours of Safety framework developed by EPA and RMI?The Hours of Safety framework is a voluntary.,5.0,What are the key components?  The Hours of Safety framework is developed by EPA and RMI to define safe hours for indoor air quality and thermal comfort.,0.0,What is the role of the HVAC system in the Hours of Safety framework? The HVAC system is responsible for maintaining indoor temperatures within a specified range.What is the role of the HVAC system in the Hours of Safety framework? The HVAC system is responsible for maintaining indoor temperatures within a specified range.What are the primary components of the Hours of Safety framework? The framework consists of the HVAC system and the Hours of Safety model.What are the primary components of the Hours of Safety framework? The framework consists of the HVAC system and the Hours of Safety model.What are the primary components of the Hours of Safety framework? The framework.
What is the hot stress threshold temperature for indoor environments?,The hot stress threshold is 86°F (30°C).,0.0,What is the hot stress threshold temperature for indoor environments? (In a sentence) (In a sentence) (In a sentence)What is the hot stress threshold temperature for indoor environments? (In a sentence) (In a sentence) (In a sentence)What is the hot stress threshold temperature for indoor environments? (In a sentence) (In a sentence) (In a sentence)What is the hot stress threshold temperature for indoor environments? (In a sentence) (In a sentence) (In a sentence)What is the hot stress threshold temperature for indoor environments? (In a sentence) (In a sentence).,0.0,What is the hot stress threshold temperature for outdoor environments? (In a sentence) itempropWhat is the hot stress threshold temperature for outdoor environments? (In a sentence) itempropWhat is the hot stress threshold temperature for indoor environments? (In a sentence) itempropWhat is the hot stress threshold temperature for outdoor environments? (In a sentence) itempropWhat is the hot stress threshold temperature for indoor environments? (In a sentence) itempropWhat is the hot stress threshold temperature for outdoor environments? (In a sentence) itempropWhat is the hot stress threshold temperature for indoor environments? (In a sentence) itemprop.,0.0,What is the hot stress threshold temperature for outdoor environments? (In a sentence) (In a sentence) (In a sentence) (In a sentence) (In a sentence) (In a sentence) (In a sentence)What is the hot stress threshold temperature for outdoor environments? (In a sentence) (In a sentence) (In a sentence) (In a sentence) (In a sentence) (In a sentence)What is the hot stress threshold temperature for indoor environments? (In a sentence) (In a sentence) (In a sentence) (In a sentence) (In a sentence) (In.,0.0,What is the hot stress threshold temperature for indoor environments? (In a sentence) (In a sentence) (In a sentence)What is the hot stress threshold temperature for indoor environments? (In a sentence) (In a sentence) (In a sentence)What is the hot stress threshold temperature for indoor environments? (In a sentence) (In a sentence) (In a sentence)What is the hot stress threshold temperature for indoor environments? (In a sentence) (In a sentence) (In a sentence)What is the hot stress threshold temperature for indoor environments? (In a sentence) (In a sentence).,6.0,What is the hot stress threshold temperature for outdoor environments?  What is the hot stress threshold temperature for outdoor environments? The hot stress threshold temperature for indoor environments is 27.2°C and for outdoor environments is 31.7°C.,0.0,What are the key design considerations for the thermal environment of indoor spaces?aisyWhat is the relationship between the temperature and the heat stress index?aisyWhat is the role of the heat stress index in determining the heat stress level?aisyWhat is the role of the heat stress index in determining the heat stress level?aisyWhat is the role of the heat stress index in determining the heat stress level?aisyWhat is the role of the heat stress index in determining the heat stress level?aisyWhat is the role of the heat stress index in determining the heat stress level?aisyWhat is the role of the heat stress index.
